{
  "old_new": "new",
  "id": "AlphaDIA_20251031_073039",
  "software_name": "AlphaDIA",
  "software_version": "1.12.2",
  "search_engine": "AlphaDIA",
  "search_engine_version": NaN,
  "ident_fdr_psm": "0.01",
  "ident_fdr_peptide": NaN,
  "ident_fdr_protein": "0.01",
  "enable_match_between_runs": true,
  "precursor_mass_tolerance": "[-5ppm, 5ppm]",
  "fragment_mass_tolerance": "[-10ppm, 10ppm]",
  "enzyme": "trypsin/p ",
  "allowed_miscleavages": "1",
  "min_peptide_length": "6",
  "max_peptide_length": "30",
  "is_temporary": false,
  "intermediate_hash": "0d6d0437f5779b8be0790596b546af7ecc033b69",
  "results": {
    "6": {
      "median_abs_epsilon": 0.20022328694662406,
      "mean_abs_epsilon": 0.2636004214162055,
      "variance_epsilon": 0.11840029756353138,
      "nr_prec": 47527,
      "CV_median": 0.137430420952857,
      "CV_q75": 0.23240330741003734,
      "CV_q90": 0.33316283180397765,
      "CV_q95": 0.40228582801526236
    },
    "5": {
      "median_abs_epsilon": 0.20944245656313853,
      "mean_abs_epsilon": 0.28199791051693157,
      "variance_epsilon": 0.14343381344293085,
      "nr_prec": 53228,
      "CV_median": 0.14176855029709687,
      "CV_q75": 0.24109977465596025,
      "CV_q90": 0.3480996258660166,
      "CV_q95": 0.4264313543344667
    },
    "4": {
      "median_abs_epsilon": 0.21656084060539094,
      "mean_abs_epsilon": 0.3001738035851841,
      "variance_epsilon": 0.1769308776675705,
      "nr_prec": 56540,
      "CV_median": 0.1432912357171043,
      "CV_q75": 0.24412378349394537,
      "CV_q90": 0.35280061971440135,
      "CV_q95": 0.4350694599892728
    },
    "3": {
      "median_abs_epsilon": 0.21872393290193415,
      "mean_abs_epsilon": 0.30710709942498726,
      "variance_epsilon": 0.19113188143073687,
      "nr_prec": 58733,
      "CV_median": 0.14406172054870447,
      "CV_q75": 0.24550375363528598,
      "CV_q90": 0.35544850566464303,
      "CV_q95": 0.43908656727130313
    },
    "2": {
      "median_abs_epsilon": 0.21962038675987117,
      "mean_abs_epsilon": 0.30964524989028924,
      "variance_epsilon": 0.19799852806197968,
      "nr_prec": 59691,
      "CV_median": 0.14420929698659768,
      "CV_q75": 0.24591053918337058,
      "CV_q90": 0.3563527097136572,
      "CV_q95": 0.4409027229954343
    },
    "1": {
      "median_abs_epsilon": 0.21962038675987117,
      "mean_abs_epsilon": 0.30964524989028924,
      "variance_epsilon": 0.19799852806197968,
      "nr_prec": 59691,
      "CV_median": 0.14420929698659768,
      "CV_q75": 0.24591053918337058,
      "CV_q90": 0.3563527097136572,
      "CV_q95": 0.4409027229954343
    }
  },
  "median_abs_epsilon": 0.21872393290193415,
  "mean_abs_epsilon": 0.30710709942498726,
  "nr_prec": 58733,
  "comments": "",
  "proteobench_version": "0.10.4",
  "color": "#1D2732",
  "hover_text": "ProteoBench ID: AlphaDIA_20251031_073039<br>Software tool: AlphaDIA <br>Comment (private submission): ...",
  "scatter_size": 20,
  "fixed_mods": "Carbamidomethyl@C",
  "variable_mods": "Oxidation@M;Acetyl@Protein_N-term",
  "max_mods": "1 ",
  "min_precursor_charge": "1",
  "max_precursor_charge": "5",
  "quantification_method": "DirectLFQ",
  "protein_inference": "heuristic",
  "abundance_normalization_ions": NaN,
  "submission_comments": "\n\n ### Parameter changes detected:\n- **scan_window**: `None` \u2192 `nan`\n- **ident_fdr_peptide**: `None` \u2192 `nan`\n- **abundance_normalization_ions**: `None` \u2192 `nan`\n- **search_engine_version**: `None` \u2192 `nan`\n\nDataset URL: https://proteobench.cubimed.rub.de/datasets/0d6d0437f5779b8be0790596b546af7ecc033b69/",
  "min_precursor_mz": "395",
  "max_precursor_mz": "905",
  "min_fragment_mz": "140",
  "max_fragment_mz": "1750",
  "predictors_library": "AlphaPeptDeep",
  "scan_window": NaN
}