{
  "id": "AlphaDIA_20251031_073039",
  "software_name": "AlphaDIA",
  "software_version": "1.12.2",
  "search_engine": "AlphaDIA",
  "search_engine_version": NaN,
  "ident_fdr_psm": 0.01,
  "ident_fdr_peptide": NaN,
  "ident_fdr_protein": 0.01,
  "enable_match_between_runs": true,
  "precursor_mass_tolerance": "[-5 ppm, 5 ppm]",
  "fragment_mass_tolerance": "[-10 ppm, 10 ppm]",
  "enzyme": "Trypsin/P",
  "allowed_miscleavages": 1,
  "min_peptide_length": 6,
  "max_peptide_length": 30,
  "is_temporary": false,
  "intermediate_hash": "0d6d0437f5779b8be0790596b546af7ecc033b69",
  "results": {
    "6": {
      "median_abs_epsilon_global": 0.20030466715490292,
      "median_abs_epsilon_eq_species": 0.2697600258718662,
      "median_abs_epsilon_ECOLI": 0.3365567525226254,
      "median_abs_epsilon_HUMAN": 0.18827629089280506,
      "median_abs_epsilon_YEAST": 0.28444703420016815,
      "mean_abs_epsilon_global": 0.2637063942293611,
      "mean_abs_epsilon_eq_species": 0.3562255739290258,
      "mean_abs_epsilon_ECOLI": 0.46683287845277377,
      "mean_abs_epsilon_HUMAN": 0.24291839642183588,
      "mean_abs_epsilon_YEAST": 0.35892544691246775,
      "median_log2_empirical_ECOLI": -1.7895673116050297,
      "median_log2_empirical_HUMAN": -0.10005537668878084,
      "median_log2_empirical_YEAST": 0.7537323633832163,
      "median_abs_epsilon_precision_global": 0.17593924204440547,
      "median_abs_epsilon_precision_eq_species": 0.2346103456286984,
      "median_abs_epsilon_precision_ECOLI": 0.3240502675368333,
      "median_abs_epsilon_precision_HUMAN": 0.1683692932130576,
      "median_abs_epsilon_precision_YEAST": 0.21141147613620426,
      "mean_log2_empirical_ECOLI": -1.7014925571824386,
      "mean_log2_empirical_HUMAN": -0.09259075766042096,
      "mean_log2_empirical_YEAST": 0.7196746472359887,
      "mean_abs_epsilon_precision_global": 0.23889555565207443,
      "mean_abs_epsilon_precision_eq_species": 0.31341617792946647,
      "mean_abs_epsilon_precision_ECOLI": 0.4335716612329163,
      "mean_abs_epsilon_precision_HUMAN": 0.22682516862326,
      "mean_abs_epsilon_precision_YEAST": 0.27985170393222314,
      "CV_median": 0.13746346607251547,
      "CV_q75": 0.23243966463463595,
      "CV_q90": 0.3331911845154467,
      "CV_q95": 0.4023572000439908,
      "variance_epsilon_global": 0.1184593218704561,
      "nr_feature": 47437,
      "roc_auc": 0.9054401181844929
    },
    "5": {
      "median_abs_epsilon_global": 0.2095991770426373,
      "median_abs_epsilon_eq_species": 0.29521706369187406,
      "median_abs_epsilon_ECOLI": 0.38540323575455027,
      "median_abs_epsilon_HUMAN": 0.19506963094096363,
      "median_abs_epsilon_YEAST": 0.3051783243801083,
      "mean_abs_epsilon_global": 0.28211750801686186,
      "mean_abs_epsilon_eq_species": 0.3921900377001664,
      "mean_abs_epsilon_ECOLI": 0.5332275061090922,
      "mean_abs_epsilon_HUMAN": 0.25549601916605547,
      "mean_abs_epsilon_YEAST": 0.38784658782535164,
      "median_log2_empirical_ECOLI": -1.7314656575520715,
      "median_log2_empirical_HUMAN": -0.09966977437385793,
      "median_log2_empirical_YEAST": 0.7329305013022207,
      "median_abs_epsilon_precision_global": 0.18496100107725333,
      "median_abs_epsilon_precision_eq_species": 0.2553440464876046,
      "median_abs_epsilon_precision_ECOLI": 0.36182999610900346,
      "median_abs_epsilon_precision_HUMAN": 0.1755968729682209,
      "median_abs_epsilon_precision_YEAST": 0.22860527038558942,
      "mean_log2_empirical_ECOLI": -1.631850581817072,
      "mean_log2_empirical_HUMAN": -0.09134785542257999,
      "mean_log2_empirical_YEAST": 0.6948366943657572,
      "mean_abs_epsilon_precision_global": 0.2560028917417499,
      "mean_abs_epsilon_precision_eq_species": 0.3424666275259362,
      "mean_abs_epsilon_precision_ECOLI": 0.48517007163063985,
      "mean_abs_epsilon_precision_HUMAN": 0.2401445332811359,
      "mean_abs_epsilon_precision_YEAST": 0.30208527766603266,
      "CV_median": 0.14181251374273388,
      "CV_q75": 0.24116323990183186,
      "CV_q90": 0.34812503735381817,
      "CV_q95": 0.42648079776899944,
      "variance_epsilon_global": 0.14352417428621722,
      "nr_feature": 53134,
      "roc_auc": 0.8867017957628401
    },
    "4": {
      "median_abs_epsilon_global": 0.21663920084573007,
      "median_abs_epsilon_eq_species": 0.32286760542132836,
      "median_abs_epsilon_ECOLI": 0.44505659739213144,
      "median_abs_epsilon_HUMAN": 0.19951820373528406,
      "median_abs_epsilon_YEAST": 0.32402801513656954,
      "mean_abs_epsilon_global": 0.30029558658541616,
      "mean_abs_epsilon_eq_species": 0.43670550488930004,
      "mean_abs_epsilon_ECOLI": 0.6300402498398568,
      "mean_abs_epsilon_HUMAN": 0.2663076868199104,
      "mean_abs_epsilon_YEAST": 0.41376857800813277,
      "median_log2_empirical_ECOLI": -1.6563282012940448,
      "median_log2_empirical_HUMAN": -0.09793726603190578,
      "median_log2_empirical_YEAST": 0.7193374633788636,
      "median_abs_epsilon_precision_global": 0.19316482543960944,
      "median_abs_epsilon_precision_eq_species": 0.27972306145642634,
      "median_abs_epsilon_precision_ECOLI": 0.41656684875487926,
      "median_abs_epsilon_precision_HUMAN": 0.1801490783716737,
      "median_abs_epsilon_precision_YEAST": 0.24245325724272604,
      "mean_log2_empirical_ECOLI": -1.543062482280679,
      "mean_log2_empirical_HUMAN": -0.08578508942652194,
      "mean_log2_empirical_YEAST": 0.6794914940305478,
      "mean_abs_epsilon_precision_global": 0.2732461766247891,
      "mean_abs_epsilon_precision_eq_species": 0.3796620118287642,
      "mean_abs_epsilon_precision_ECOLI": 0.5626311139415006,
      "mean_abs_epsilon_precision_HUMAN": 0.2518979140361763,
      "mean_abs_epsilon_precision_YEAST": 0.32445700750861584,
      "CV_median": 0.14335064067194875,
      "CV_q75": 0.2441627200939832,
      "CV_q90": 0.35288616643512744,
      "CV_q95": 0.4351380079972077,
      "variance_epsilon_global": 0.17703941676407223,
      "nr_feature": 56443,
      "roc_auc": 0.8745131108642585
    },
    "3": {
      "median_abs_epsilon_global": 0.21881802876780654,
      "median_abs_epsilon_eq_species": 0.32848707834871743,
      "median_abs_epsilon_ECOLI": 0.4561993281043577,
      "median_abs_epsilon_HUMAN": 0.20170911153157078,
      "median_abs_epsilon_YEAST": 0.32755279541022375,
      "mean_abs_epsilon_global": 0.30722869893209476,
      "mean_abs_epsilon_eq_species": 0.4455481928810394,
      "mean_abs_epsilon_ECOLI": 0.6422710172686524,
      "mean_abs_epsilon_HUMAN": 0.27278295923769363,
      "mean_abs_epsilon_YEAST": 0.4215906021367721,
      "median_log2_empirical_ECOLI": -1.6453406016017915,
      "median_log2_empirical_HUMAN": -0.09735107421869671,
      "median_log2_empirical_YEAST": 0.7182521820066974,
      "median_abs_epsilon_precision_global": 0.1957969665524999,
      "median_abs_epsilon_precision_eq_species": 0.2846974266905171,
      "median_abs_epsilon_precision_ECOLI": 0.4260794321710435,
      "median_abs_epsilon_precision_HUMAN": 0.1825014750163163,
      "median_abs_epsilon_precision_YEAST": 0.24551137288419156,
      "mean_log2_empirical_ECOLI": -1.5289441113507047,
      "mean_log2_empirical_HUMAN": -0.08405045043796694,
      "mean_log2_empirical_YEAST": 0.6775826402848361,
      "mean_abs_epsilon_precision_global": 0.280379447101407,
      "mean_abs_epsilon_precision_eq_species": 0.3878474441042339,
      "mean_abs_epsilon_precision_ECOLI": 0.5724837959000885,
      "mean_abs_epsilon_precision_HUMAN": 0.2587623524537564,
      "mean_abs_epsilon_precision_YEAST": 0.3322961839588567,
      "CV_median": 0.1441256839604954,
      "CV_q75": 0.24555550479058752,
      "CV_q90": 0.3555388729665354,
      "CV_q95": 0.4391475839802499,
      "variance_epsilon_global": 0.1912641120750811,
      "nr_feature": 58633,
      "roc_auc": 0.8691666071322256
    },
    "2": {
      "median_abs_epsilon_global": 0.21972147623691285,
      "median_abs_epsilon_eq_species": 0.32929364840192105,