{
  "old_new": "new",
  "id": "DIA-NN_20260309_102302",
  "software_name": "DIA-NN",
  "software_version": "2.1.0 Academia ",
  "search_engine": "DIA-NN",
  "search_engine_version": "2.1.0 Academia ",
  "ident_fdr_psm": 0.01,
  "ident_fdr_peptide": NaN,
  "ident_fdr_protein": NaN,
  "enable_match_between_runs": true,
  "precursor_mass_tolerance": "[-29 ppm, 29 ppm]",
  "fragment_mass_tolerance": "[-17 ppm, 17 ppm]",
  "enzyme": "cut",
  "allowed_miscleavages": NaN,
  "min_peptide_length": 7,
  "max_peptide_length": 30,
  "is_temporary": false,
  "intermediate_hash": "5107e2b969205685bfaa3da98a84bd3c1c7c308b",
  "results": {
    "6": {
      "median_abs_epsilon_global": 0.15890073776245117,
      "median_abs_epsilon_eq_species": 0.24010308583577475,
      "median_abs_epsilon_ECOLI": 0.2888965606689453,
      "median_abs_epsilon_HUMAN": 0.14270496368408203,
      "median_abs_epsilon_YEAST": 0.2887077331542969,
      "mean_abs_epsilon_global": 0.20438793386618495,
      "mean_abs_epsilon_eq_species": 0.2856498655058161,
      "mean_abs_epsilon_ECOLI": 0.352376924954045,
      "mean_abs_epsilon_HUMAN": 0.18008711115551868,
      "mean_abs_epsilon_YEAST": 0.3244855604078847,
      "median_log2_empirical_ECOLI": -1.7333624362945557,
      "median_log2_empirical_HUMAN": -0.09453868865966797,
      "median_log2_empirical_YEAST": 0.7177619934082031,
      "median_abs_epsilon_precision_global": 0.12181079387664795,
      "median_abs_epsilon_precision_eq_species": 0.15659054120381674,
      "median_abs_epsilon_precision_ECOLI": 0.20631861686706543,
      "median_abs_epsilon_precision_HUMAN": 0.11656761169433594,
      "median_abs_epsilon_precision_YEAST": 0.14688539505004883,
      "mean_log2_empirical_ECOLI": -1.7112789812703624,
      "mean_log2_empirical_HUMAN": -0.08793539685294705,
      "mean_log2_empirical_YEAST": 0.7068223369232894,
      "mean_abs_epsilon_precision_global": 0.16707749259559765,
      "mean_abs_epsilon_precision_eq_species": 0.2061933896584142,
      "mean_abs_epsilon_precision_ECOLI": 0.2642680900104108,
      "mean_abs_epsilon_precision_HUMAN": 0.15956779517621095,
      "mean_abs_epsilon_precision_YEAST": 0.19474428378862085,
      "CV_median": 0.09561907332242034,
      "CV_q75": 0.1532395975355626,
      "CV_q90": 0.22615627385882514,
      "CV_q95": 0.282330380681097,
      "roc_auc": 0.9611640467582426,
      "roc_auc_directional": 0.9881598530346997,
      "nr_prec": 72126,
      "nr_prec_HUMAN": 60341,
      "nr_prec_YEAST": 9957,
      "nr_prec_ECOLI": 1828,
      "variance_epsilon_global": 0.0642863319863762
    },
    "5": {
      "median_abs_epsilon_global": 0.166717529296875,
      "median_abs_epsilon_eq_species": 0.26033751169840497,
      "median_abs_epsilon_ECOLI": 0.32764291763305664,
      "median_abs_epsilon_HUMAN": 0.1472177505493164,
      "median_abs_epsilon_YEAST": 0.3061518669128418,
      "mean_abs_epsilon_global": 0.21903861559834772,
      "mean_abs_epsilon_eq_species": 0.31586229319757986,
      "mean_abs_epsilon_ECOLI": 0.4103919025219161,
      "mean_abs_epsilon_HUMAN": 0.18889305234911496,
      "mean_abs_epsilon_YEAST": 0.34830192472170857,
      "median_log2_empirical_ECOLI": -1.6967096328735352,
      "median_log2_empirical_HUMAN": -0.09354591369628906,
      "median_log2_empirical_YEAST": 0.7019572257995605,
      "median_abs_epsilon_precision_global": 0.12958717346191406,
      "median_abs_epsilon_precision_eq_species": 0.17108472188313803,
      "median_abs_epsilon_precision_ECOLI": 0.2308492660522461,
      "median_abs_epsilon_precision_HUMAN": 0.12272787094116211,
      "median_abs_epsilon_precision_YEAST": 0.15967702865600586,
      "mean_log2_empirical_ECOLI": -1.6542360736718391,
      "mean_log2_empirical_HUMAN": -0.08656285430031793,
      "mean_log2_empirical_YEAST": 0.6858973199688501,
      "mean_abs_epsilon_precision_global": 0.17979406178685972,
      "mean_abs_epsilon_precision_eq_species": 0.22871788096409876,
      "mean_abs_epsilon_precision_ECOLI": 0.30556486340556854,
      "mean_abs_epsilon_precision_HUMAN": 0.16964397118895264,
      "mean_abs_epsilon_precision_YEAST": 0.21094480829777512,
      "CV_median": 0.09930343162259353,
      "CV_q75": 0.16086598371679506,
      "CV_q90": 0.24035287672146494,
      "CV_q95": 0.30346688637704433,
      "roc_auc": 0.9470230695822353,
      "roc_auc_directional": 0.983259355997175,
      "nr_prec": 83677,
      "nr_prec_HUMAN": 68824,
      "nr_prec_YEAST": 12360,
      "nr_prec_ECOLI": 2493,
      "variance_epsilon_global": 0.07781201257298893
    },
    "4": {
      "median_abs_epsilon_global": 0.17418527603149414,
      "median_abs_epsilon_eq_species": 0.2843966484069824,
      "median_abs_epsilon_ECOLI": 0.37760496139526367,
      "median_abs_epsilon_HUMAN": 0.15192127227783203,
      "median_abs_epsilon_YEAST": 0.32366371154785156,
      "mean_abs_epsilon_global": 0.2363373349077648,
      "mean_abs_epsilon_eq_species": 0.3487466682942412,
      "mean_abs_epsilon_ECOLI": 0.47291152799471553,
      "mean_abs_epsilon_HUMAN": 0.19976343765485063,
      "mean_abs_epsilon_YEAST": 0.37356503923315754,
      "median_log2_empirical_ECOLI": -1.6470704078674316,
      "median_log2_empirical_HUMAN": -0.09256649017333984,
      "median_log2_empirical_YEAST": 0.6877014636993408,
      "median_abs_epsilon_precision_global": 0.13736844062805176,
      "median_abs_epsilon_precision_eq_species": 0.19047760963439941,
      "median_abs_epsilon_precision_ECOLI": 0.27152299880981445,
      "median_abs_epsilon_precision_HUMAN": 0.1282796859741211,
      "median_abs_epsilon_precision_YEAST": 0.1716301441192627,
      "mean_log2_empirical_ECOLI": -1.5935646261708378,
      "mean_log2_empirical_HUMAN": -0.0829859376105827,
      "mean_log2_empirical_YEAST": 0.6664838903326737,
      "mean_abs_epsilon_precision_global": 0.19537595814670544,
      "mean_abs_epsilon_precision_eq_species": 0.254384759402225,
      "mean_abs_epsilon_precision_ECOLI": 0.3496375543534253,
      "mean_abs_epsilon_precision_HUMAN": 0.18167794147975605,
      "mean_abs_epsilon_precision_YEAST": 0.2318387823734935,
      "CV_median": 0.10102387897809176,
      "CV_q75": 0.1648397663936368,
      "CV_q90": 0.247937896665119,
      "CV_q95": 0.3137771821378815,
      "roc_auc": 0.9308154937379238,
      "roc_auc_directional": 0.9757302560162776,
      "nr_prec": 91922,
      "nr_prec_HUMAN": 74431,
      "nr_prec_YEAST": 14250,
      "nr_prec_ECOLI": 3241,
      "variance_epsilon_global": 0.09848759842861264
    },
    "3": {
      "median_abs_epsilon_global": 0.1783919334411621,
      "median_abs_epsilon_eq_species": 0.29105067253112793,
      "median_abs_epsilon_ECOLI": 0.38712167739868164,
      "median_abs_epsilon_HUMAN": 0.15529537200927734,
      "median_abs_epsilon_YEAST": 0.3307349681854248,
      "mean_abs_epsilon_global": 0.24539100735040667,
      "mean_abs_epsilon_eq_species": 0.3617288364701186,
      "mean_abs_epsilon_ECOLI": 0.4920338112688193,
      "mean_abs_epsilon_HUMAN": 0.20761889964562943,
      "mean_abs_epsilon_YEAST": 0.3855337984959073,
      "median_log2_empirical_ECOLI": -1.6382198333740234,
      "median_log2_empirical_HUMAN": -0.09238433837890625,
      "median_log2_empirical_YEAST": 0.6820900440216064,
      "median_abs_epsilon_precision_global": 0.14142942428588867,
      "median_abs_epsilon_precision_eq_species": 0.19602314631144205,
      "median_abs_epsilon_precision_ECOLI": 0.27873802185058594,
      "median_abs_epsilon_precision_HUMAN": 0.13160324096679688,
      "median_abs_epsilon_precision_YEAST": 0.17772817611694336,
      "mean_log2_empirical_ECOLI": -1.572775322022354,
      "mean_log2_empirical_HUMAN": -0.08157928880699714,
      "mean_log2_empirical_YEAST": 0.6581355929850516,
      "mean_abs_epsilon_precision_global": 0.20437204994330388,
      "mean_abs_epsilon_precision_eq_species": 0.26568291015347906,
      "mean_abs_epsilon_precision_ECOLI": 0.3645321347107259,
      "mean_abs_epsilon_precision_HUMAN": 0.19010358918491455,