{
  "old_new": "new",
  "id": "DIA-NN_20251030_120545",
  "software_name": "DIA-NN",
  "software_version": "2.1.0 Academia ",
  "search_engine": "DIA-NN",
  "search_engine_version": "2.1.0 Academia ",
  "ident_fdr_psm": "0.01",
  "ident_fdr_peptide": NaN,
  "ident_fdr_protein": NaN,
  "enable_match_between_runs": true,
  "precursor_mass_tolerance": "[-29 ppm, 29 ppm]",
  "fragment_mass_tolerance": "[-17 ppm, 17 ppm]",
  "enzyme": "cut",
  "allowed_miscleavages": NaN,
  "min_peptide_length": "7",
  "max_peptide_length": "30",
  "is_temporary": false,
  "intermediate_hash": "51d669079b7538618143791b35fa48bc1d68dcdb",
  "results": {
    "6": {
      "median_abs_epsilon": 0.15890073776245117,
      "mean_abs_epsilon": 0.20438793329431884,
      "variance_epsilon": 0.06428633177683865,
      "nr_prec": 72126,
      "CV_median": 0.09561907332242034,
      "CV_q75": 0.1532395975355626,
      "CV_q90": 0.22615627385882514,
      "CV_q95": 0.282330380681097
    },
    "5": {
      "median_abs_epsilon": 0.166717529296875,
      "mean_abs_epsilon": 0.21903861514246412,
      "variance_epsilon": 0.07781201232252077,
      "nr_prec": 83677,
      "CV_median": 0.09930343162259353,
      "CV_q75": 0.16086598371679506,
      "CV_q90": 0.24035287672146494,
      "CV_q95": 0.30346688637704433
    },
    "4": {
      "median_abs_epsilon": 0.17418527603149414,
      "mean_abs_epsilon": 0.23633733449277194,
      "variance_epsilon": 0.09848759822051907,
      "nr_prec": 91922,
      "CV_median": 0.10102387897809176,
      "CV_q75": 0.1648397663936368,
      "CV_q90": 0.247937896665119,
      "CV_q95": 0.3137771821378815
    },
    "3": {
      "median_abs_epsilon": 0.1783919334411621,
      "mean_abs_epsilon": 0.24539100704113026,
      "variance_epsilon": 0.11027918053045148,
      "nr_prec": 98422,
      "CV_median": 0.10186113777462635,
      "CV_q75": 0.16681091655515373,
      "CV_q90": 0.2517569734609012,
      "CV_q95": 0.31974972115903744
    },
    "2": {
      "median_abs_epsilon": 0.1802082061767578,
      "mean_abs_epsilon": 0.24964077026178733,
      "variance_epsilon": 0.1166759606869798,
      "nr_prec": 102588,
      "CV_median": 0.10213980978976772,
      "CV_q75": 0.16759397783436497,
      "CV_q90": 0.2536594005997889,
      "CV_q95": 0.3230166227689418
    },
    "1": {
      "median_abs_epsilon": 0.1802082061767578,
      "mean_abs_epsilon": 0.24964077026178733,
      "variance_epsilon": 0.11667596068697977,
      "nr_prec": 104815,
      "CV_median": 0.10213980978976772,
      "CV_q75": 0.16759397783436497,
      "CV_q90": 0.2536594005997889,
      "CV_q95": 0.3230166227689418
    }
  },
  "median_abs_epsilon": 0.1783919334411621,
  "mean_abs_epsilon": 0.24539100704113026,
  "nr_prec": 98422,
  "comments": "",
  "proteobench_version": "0.10.4",
  "color": "#d42f2f",
  "hover_text": "ProteoBench ID: DIA-NN_20251030_120545<br>Software tool: DIA-NN <br>Comment (private submission): ...",
  "scatter_size": 20,
  "fixed_mods": "unimod4",
  "variable_mods": "UniMod:35/15.994915/M,UniMod:1/42.010565/*n",
  "max_mods": "1",
  "min_precursor_charge": "1",
  "max_precursor_charge": "4",
  "quantification_method": "QuantUMS high-precision",
  "protein_inference": "Genes",
  "abundance_normalization_ions": null,
  "submission_comments": "\n\n ### Parameter changes detected:\n- **ident_fdr_protein**: `None` \u2192 `nan`\n- **allowed_miscleavages**: `None` \u2192 `nan`\n- **ident_fdr_peptide**: `None` \u2192 `nan`\n\nDataset URL: https://proteobench.cubimed.rub.de/datasets/51d669079b7538618143791b35fa48bc1d68dcdb/",
  "min_precursor_mz": "300",
  "max_precursor_mz": "1800",
  "min_fragment_mz": "200",
  "max_fragment_mz": "1800",
  "predictors_library": "{'RT': 'User defined speclib', 'IM': 'User defined speclib', 'MS2_int': 'User defined speclib'}",
  "scan_window": "5"
}