{
  "old_new": "new",
  "id": "DIA-NN_20251030_120545",
  "software_name": "DIA-NN",
  "software_version": "2.1.0 Academia ",
  "search_engine": "DIA-NN",
  "search_engine_version": "2.1.0 Academia ",
  "ident_fdr_psm": 0.01,
  "ident_fdr_peptide": NaN,
  "ident_fdr_protein": NaN,
  "enable_match_between_runs": true,
  "precursor_mass_tolerance": "[-29 ppm, 29 ppm]",
  "fragment_mass_tolerance": "[-17 ppm, 17 ppm]",
  "enzyme": "Trypsin/P",
  "allowed_miscleavages": NaN,
  "min_peptide_length": 7,
  "max_peptide_length": 30,
  "is_temporary": false,
  "intermediate_hash": "51d669079b7538618143791b35fa48bc1d68dcdb",
  "results": {
    "6": {
      "median_abs_epsilon_global": 0.1588759422302246,
      "median_abs_epsilon_eq_species": 0.23957538604736328,
      "median_abs_epsilon_ECOLI": 0.2889137268066406,
      "median_abs_epsilon_HUMAN": 0.14283084869384766,
      "median_abs_epsilon_YEAST": 0.28698158264160156,
      "mean_abs_epsilon_global": 0.20359015736821856,
      "mean_abs_epsilon_eq_species": 0.28373761128272723,
      "mean_abs_epsilon_ECOLI": 0.352233666871448,
      "mean_abs_epsilon_HUMAN": 0.1801029702030301,
      "mean_abs_epsilon_YEAST": 0.3188761967737036,
      "median_log2_empirical_ECOLI": -1.7333521842956543,
      "median_log2_empirical_HUMAN": -0.09494495391845703,
      "median_log2_empirical_YEAST": 0.7195158004760742,
      "median_abs_epsilon_precision_global": 0.12161493301391602,
      "median_abs_epsilon_precision_eq_species": 0.1560075283050537,
      "median_abs_epsilon_precision_ECOLI": 0.2061619758605957,
      "median_abs_epsilon_precision_HUMAN": 0.11653351783752441,
      "median_abs_epsilon_precision_YEAST": 0.14532709121704102,
      "mean_log2_empirical_ECOLI": -1.711587568854344,
      "mean_log2_empirical_HUMAN": -0.08839549246636853,
      "mean_log2_empirical_YEAST": 0.7128400254733067,
      "mean_abs_epsilon_precision_global": 0.166360010376377,
      "mean_abs_epsilon_precision_eq_species": 0.20459805629909053,
      "mean_abs_epsilon_precision_ECOLI": 0.2639280456787354,
      "mean_abs_epsilon_precision_HUMAN": 0.1594224618836044,
      "mean_abs_epsilon_precision_YEAST": 0.19044366133493176,
      "CV_median": 0.09575008625182238,
      "CV_q75": 0.15337268117252031,
      "CV_q90": 0.22620433450982463,
      "CV_q95": 0.28221625449374216,
      "variance_epsilon_global": 0.06340959310419092,
      "nr_feature": 71340,
      "roc_auc": 0.9651169975500081
    },
    "5": {
      "median_abs_epsilon_global": 0.16669058799743652,
      "median_abs_epsilon_eq_species": 0.2595810890197754,
      "median_abs_epsilon_ECOLI": 0.32774782180786133,
      "median_abs_epsilon_HUMAN": 0.1473379135131836,
      "median_abs_epsilon_YEAST": 0.30365753173828125,
      "mean_abs_epsilon_global": 0.2183616946808571,
      "mean_abs_epsilon_eq_species": 0.3143153940549518,
      "mean_abs_epsilon_ECOLI": 0.4104383645596445,
      "mean_abs_epsilon_HUMAN": 0.18892704153015435,
      "mean_abs_epsilon_YEAST": 0.34358077607505655,
      "median_log2_empirical_ECOLI": -1.6967096328735352,
      "median_log2_empirical_HUMAN": -0.09388542175292969,
      "median_log2_empirical_YEAST": 0.7039551734924316,
      "median_abs_epsilon_precision_global": 0.1294384002685547,
      "median_abs_epsilon_precision_eq_species": 0.17055352528889975,
      "median_abs_epsilon_precision_ECOLI": 0.23084068298339844,
      "median_abs_epsilon_precision_HUMAN": 0.12280082702636719,
      "median_abs_epsilon_precision_YEAST": 0.1580190658569336,
      "mean_log2_empirical_ECOLI": -1.654338741475049,
      "mean_log2_empirical_HUMAN": -0.08694765747760994,
      "mean_log2_empirical_YEAST": 0.691008869730096,
      "mean_abs_epsilon_precision_global": 0.179208150494131,
      "mean_abs_epsilon_precision_eq_species": 0.22748013252552002,
      "mean_abs_epsilon_precision_ECOLI": 0.3054944455243488,
      "mean_abs_epsilon_precision_HUMAN": 0.1695520898562873,
      "mean_abs_epsilon_precision_YEAST": 0.20739386219592393,
      "CV_median": 0.09945590951283306,
      "CV_q75": 0.1610301554684637,
      "CV_q90": 0.24041552539342814,
      "CV_q95": 0.30339278180843926,
      "variance_epsilon_global": 0.07704085881987695,
      "nr_feature": 82848,
      "roc_auc": 0.9503320798682914
    },
    "4": {
      "median_abs_epsilon_global": 0.17422080039978027,
      "median_abs_epsilon_eq_species": 0.28377803166707355,
      "median_abs_epsilon_ECOLI": 0.37769174575805664,
      "median_abs_epsilon_HUMAN": 0.1520700454711914,
      "median_abs_epsilon_YEAST": 0.32157230377197266,
      "mean_abs_epsilon_global": 0.23578629203696005,
      "mean_abs_epsilon_eq_species": 0.3474912673656598,
      "mean_abs_epsilon_ECOLI": 0.4730080729955203,
      "mean_abs_epsilon_HUMAN": 0.1997926714225358,
      "mean_abs_epsilon_YEAST": 0.3696730576789233,
      "median_log2_empirical_ECOLI": -1.647010087966919,
      "median_log2_empirical_HUMAN": -0.09285831451416016,
      "median_log2_empirical_YEAST": 0.6901378631591797,
      "median_abs_epsilon_precision_global": 0.13723421096801758,
      "median_abs_epsilon_precision_eq_species": 0.18992988268534342,
      "median_abs_epsilon_precision_ECOLI": 0.2712085247039795,
      "median_abs_epsilon_precision_HUMAN": 0.1284017562866211,
      "median_abs_epsilon_precision_YEAST": 0.1701793670654297,
      "mean_log2_empirical_ECOLI": -1.5936067488065235,
      "mean_log2_empirical_HUMAN": -0.08345744469618878,
      "mean_log2_empirical_YEAST": 0.670776460585453,
      "mean_abs_epsilon_precision_global": 0.19489412876622983,
      "mean_abs_epsilon_precision_eq_species": 0.25342458492009895,
      "mean_abs_epsilon_precision_ECOLI": 0.3496631756505687,
      "mean_abs_epsilon_precision_HUMAN": 0.18158163621166326,
      "mean_abs_epsilon_precision_YEAST": 0.22902894289806483,
      "CV_median": 0.10120097446614107,
      "CV_q75": 0.1649979766716538,
      "CV_q90": 0.24800280130952476,
      "CV_q95": 0.31381737926548364,
      "variance_epsilon_global": 0.09780529132930361,
      "nr_feature": 91054,
      "roc_auc": 0.9336098398806424
    },
    "3": {
      "median_abs_epsilon_global": 0.1784515380859375,
      "median_abs_epsilon_eq_species": 0.2905576229095459,
      "median_abs_epsilon_ECOLI": 0.3872244358062744,
      "median_abs_epsilon_HUMAN": 0.1554718017578125,
      "median_abs_epsilon_YEAST": 0.3289766311645508,
      "mean_abs_epsilon_global": 0.24489863703595494,
      "mean_abs_epsilon_eq_species": 0.3605602322742603,
      "mean_abs_epsilon_ECOLI": 0.49216752933512486,
      "mean_abs_epsilon_HUMAN": 0.2076924545508489,
      "mean_abs_epsilon_YEAST": 0.38182071293680725,
      "median_log2_empirical_ECOLI": -1.637880802154541,
      "median_log2_empirical_HUMAN": -0.09262275695800781,
      "median_log2_empirical_YEAST": 0.6836843490600586,
      "median_abs_epsilon_precision_global": 0.14131498336791992,
      "median_abs_epsilon_precision_eq_species": 0.19552508989969888,
      "median_abs_epsilon_precision_ECOLI": 0.27852582931518555,
      "median_abs_epsilon_precision_HUMAN": 0.13170456886291504,
      "median_abs_epsilon_precision_YEAST": 0.1763448715209961,
      "mean_log2_empirical_ECOLI": -1.5727725338092524,
      "mean_log2_empirical_HUMAN": -0.08199974219407413,
      "mean_log2_empirical_YEAST": 0.6622162926324527,
      "mean_abs_epsilon_precision_global": 0.20395237755845474,
      "mean_abs_epsilon_precision_eq_species": 0.26479746903062346,
      "mean_abs_epsilon_precision_ECOLI": 0.3645865615750133,
      "mean_abs_epsilon_precision_HUMAN": 0.19006155104749786,
      "mean_abs_epsilon_precision_YEAST": 0.23974429446935927,
      "CV_median": 0.102034865557631,
      "CV_q75": 0.16694675864074698,
      "CV_q90": 0.25182933412822284,
      "CV_q95": 0.3197938928223212,
      "variance_epsilon_global": 0.10967991491610146,
      "nr_feature": 97539,
      "roc_auc": 0.9235069292374682
    },
    "2": {
      "median_abs_epsilon_global": 0.18027210235595703,