{
  "old_new": "new",
  "id": "DIA-NN_20251030_120545",
  "software_name": "DIA-NN",
  "software_version": "2.1.0 Academia ",
  "search_engine": "DIA-NN",
  "search_engine_version": "2.1.0 Academia ",
  "ident_fdr_psm": 0.01,
  "ident_fdr_peptide": NaN,
  "ident_fdr_protein": NaN,
  "enable_match_between_runs": true,
  "precursor_mass_tolerance": "[-29 ppm, 29 ppm]",
  "fragment_mass_tolerance": "[-17 ppm, 17 ppm]",
  "enzyme": "cut",
  "allowed_miscleavages": NaN,
  "min_peptide_length": 7,
  "max_peptide_length": 30,
  "is_temporary": false,
  "intermediate_hash": "51d669079b7538618143791b35fa48bc1d68dcdb",
  "results": {
    "6": {
      "median_abs_epsilon_global": 0.1588759422302246,
      "median_abs_epsilon_eq_species": 0.23957538604736328,
      "median_abs_epsilon_ECOLI": 0.2889137268066406,
      "median_abs_epsilon_HUMAN": 0.14283084869384766,
      "median_abs_epsilon_YEAST": 0.28698158264160156,
      "mean_abs_epsilon_global": 0.20359015797312133,
      "mean_abs_epsilon_eq_species": 0.2837376126468101,
      "mean_abs_epsilon_ECOLI": 0.35223366791771715,
      "mean_abs_epsilon_HUMAN": 0.18010297043065068,
      "mean_abs_epsilon_YEAST": 0.3188761995920624,
      "median_log2_empirical_ECOLI": -1.7333521842956543,
      "median_log2_empirical_HUMAN": -0.09494495391845703,
      "median_log2_empirical_YEAST": 0.7195158004760742,
      "median_abs_epsilon_precision_global": 0.12161493301391602,
      "median_abs_epsilon_precision_eq_species": 0.1560075283050537,
      "median_abs_epsilon_precision_ECOLI": 0.2061619758605957,
      "median_abs_epsilon_precision_HUMAN": 0.11653351783752441,
      "median_abs_epsilon_precision_YEAST": 0.14532709121704102,
      "mean_log2_empirical_ECOLI": -1.7115875709468822,
      "mean_log2_empirical_HUMAN": -0.08839549325305719,
      "mean_log2_empirical_YEAST": 0.7128400231408718,
      "mean_abs_epsilon_precision_global": 0.1663600109655957,
      "mean_abs_epsilon_precision_eq_species": 0.2045980583761461,
      "mean_abs_epsilon_precision_ECOLI": 0.26392804972951295,
      "mean_abs_epsilon_precision_HUMAN": 0.1594224621492662,
      "mean_abs_epsilon_precision_YEAST": 0.19044366324965925,
      "CV_median": 0.09575008625182238,
      "CV_q75": 0.15337268117252031,
      "CV_q90": 0.22620433450982463,
      "CV_q95": 0.28221625449374216,
      "roc_auc": 0.9651169946711327,
      "roc_auc_directional": 0.9894492218280879,
      "nr_prec": 71340,
      "nr_prec_HUMAN": 59704,
      "nr_prec_YEAST": 9813,
      "nr_prec_ECOLI": 1823,
      "variance_epsilon_global": 0.06340959335271737
    },
    "5": {
      "median_abs_epsilon_global": 0.16669058799743652,
      "median_abs_epsilon_eq_species": 0.2595810890197754,
      "median_abs_epsilon_ECOLI": 0.32774782180786133,
      "median_abs_epsilon_HUMAN": 0.1473379135131836,
      "median_abs_epsilon_YEAST": 0.30365753173828125,
      "mean_abs_epsilon_global": 0.21836169516432466,
      "mean_abs_epsilon_eq_species": 0.3143153954383158,
      "mean_abs_epsilon_ECOLI": 0.41043836609349943,
      "mean_abs_epsilon_HUMAN": 0.18892704160711438,
      "mean_abs_epsilon_YEAST": 0.3435807786143336,
      "median_log2_empirical_ECOLI": -1.6967096328735352,
      "median_log2_empirical_HUMAN": -0.09388542175292969,
      "median_log2_empirical_YEAST": 0.7039551734924316,
      "median_abs_epsilon_precision_global": 0.1294384002685547,
      "median_abs_epsilon_precision_eq_species": 0.17055352528889975,
      "median_abs_epsilon_precision_ECOLI": 0.23084068298339844,
      "median_abs_epsilon_precision_HUMAN": 0.12280082702636719,
      "median_abs_epsilon_precision_YEAST": 0.1580190658569336,
      "mean_log2_empirical_ECOLI": -1.654338741475049,
      "mean_log2_empirical_HUMAN": -0.08694765801632993,
      "mean_log2_empirical_YEAST": 0.6910088678158718,
      "mean_abs_epsilon_precision_global": 0.17920815103477455,
      "mean_abs_epsilon_precision_eq_species": 0.22748013376077694,
      "mean_abs_epsilon_precision_ECOLI": 0.3054944474416674,
      "mean_abs_epsilon_precision_HUMAN": 0.1695520901814587,
      "mean_abs_epsilon_precision_YEAST": 0.20739386365920473,
      "CV_median": 0.09945590951283306,
      "CV_q75": 0.1610301554684637,
      "CV_q90": 0.24041552539342814,
      "CV_q95": 0.30339278180843926,
      "roc_auc": 0.9503320798682914,
      "roc_auc_directional": 0.9844242135878591,
      "nr_prec": 82848,
      "nr_prec_HUMAN": 68155,
      "nr_prec_YEAST": 12206,
      "nr_prec_ECOLI": 2487,
      "variance_epsilon_global": 0.07704085910421112
    },
    "4": {
      "median_abs_epsilon_global": 0.17422080039978027,
      "median_abs_epsilon_eq_species": 0.28377803166707355,
      "median_abs_epsilon_ECOLI": 0.37769174575805664,
      "median_abs_epsilon_HUMAN": 0.1520700454711914,
      "median_abs_epsilon_YEAST": 0.32157230377197266,
      "mean_abs_epsilon_global": 0.23578629247161956,
      "mean_abs_epsilon_eq_species": 0.34749126826677057,
      "mean_abs_epsilon_ECOLI": 0.4730080731429653,
      "mean_abs_epsilon_HUMAN": 0.19979267147427524,
      "mean_abs_epsilon_YEAST": 0.3696730601830713,
      "median_log2_empirical_ECOLI": -1.647010087966919,
      "median_log2_empirical_HUMAN": -0.09285831451416016,
      "median_log2_empirical_YEAST": 0.6901378631591797,
      "median_abs_epsilon_precision_global": 0.13723421096801758,
      "median_abs_epsilon_precision_eq_species": 0.18993020057678223,
      "median_abs_epsilon_precision_ECOLI": 0.2712085247039795,
      "median_abs_epsilon_precision_HUMAN": 0.1284027099609375,
      "median_abs_epsilon_precision_YEAST": 0.1701793670654297,
      "mean_log2_empirical_ECOLI": -1.5936067498386386,
      "mean_log2_empirical_HUMAN": -0.08345744513597403,
      "mean_log2_empirical_YEAST": 0.6707764590288205,
      "mean_abs_epsilon_precision_global": 0.19489412929043642,
      "mean_abs_epsilon_precision_eq_species": 0.25342458586015926,
      "mean_abs_epsilon_precision_ECOLI": 0.34966317687034104,
      "mean_abs_epsilon_precision_HUMAN": 0.18158163656772833,
      "mean_abs_epsilon_precision_YEAST": 0.22902894414240835,
      "CV_median": 0.10120097446614107,
      "CV_q75": 0.1649979766716538,
      "CV_q90": 0.24800280130952476,
      "CV_q95": 0.31381737926548364,
      "roc_auc": 0.9336098406635102,
      "roc_auc_directional": 0.9767250664816408,
      "nr_prec": 91054,
      "nr_prec_HUMAN": 73729,
      "nr_prec_YEAST": 14091,
      "nr_prec_ECOLI": 3234,
      "variance_epsilon_global": 0.09780529156496977
    },
    "3": {
      "median_abs_epsilon_global": 0.17844772338867188,
      "median_abs_epsilon_eq_species": 0.29052337010701496,
      "median_abs_epsilon_ECOLI": 0.38712167739868164,
      "median_abs_epsilon_HUMAN": 0.1554718017578125,
      "median_abs_epsilon_YEAST": 0.3289766311645508,
      "mean_abs_epsilon_global": 0.24488322665684506,
      "mean_abs_epsilon_eq_species": 0.3604384740547049,
      "mean_abs_epsilon_ECOLI": 0.49180225250066845,
      "mean_abs_epsilon_HUMAN": 0.20769245455394966,
      "mean_abs_epsilon_YEAST": 0.38182071510949656,
      "median_log2_empirical_ECOLI": -1.6382198333740234,
      "median_log2_empirical_HUMAN": -0.09262275695800781,
      "median_log2_empirical_YEAST": 0.6836843490600586,
      "median_abs_epsilon_precision_global": 0.14130687713623047,
      "median_abs_epsilon_precision_eq_species": 0.19543306032816568,
      "median_abs_epsilon_precision_ECOLI": 0.27824974060058594,
      "median_abs_epsilon_precision_HUMAN": 0.13170456886291504,
      "median_abs_epsilon_precision_YEAST": 0.1763448715209961,
      "mean_log2_empirical_ECOLI": -1.573157284070348,
      "mean_log2_empirical_HUMAN": -0.08199974250105085,
      "mean_log2_empirical_YEAST": 0.6622162911813207,
      "mean_abs_epsilon_precision_global": 0.20393945644015057,
      "mean_abs_epsilon_precision_eq_species": 0.2646907104278165,
      "mean_abs_epsilon_precision_ECOLI": 0.3642662844291521,
      "mean_abs_epsilon_precision_HUMAN": 0.19006155133377256,