{
  "old_new": "new",
  "id": "PEAKS_20251030_120709",
  "software_name": "PEAKS",
  "software_version": "13 20250520",
  "search_engine": "PEAKS",
  "search_engine_version": "13 20250520",
  "ident_fdr_psm": "1.0%",
  "ident_fdr_peptide": null,
  "ident_fdr_protein": "1.0%",
  "enable_match_between_runs": true,
  "precursor_mass_tolerance": "Auto Detected",
  "fragment_mass_tolerance": "Auto Detected",
  "enzyme": "Trypsin/P",
  "allowed_miscleavages": 1,
  "min_peptide_length": 6,
  "max_peptide_length": 30,
  "is_temporary": false,
  "intermediate_hash": "d08f2cb6e471eaa24bddaef80ee04cdbfb4f8d79",
  "results": {
    "6": {
      "median_abs_epsilon_global": 0.16866122703371822,
      "median_abs_epsilon_eq_species": 0.2748536852564601,
      "median_abs_epsilon_ECOLI": 0.3380146910952391,
      "median_abs_epsilon_HUMAN": 0.14891020341191652,
      "median_abs_epsilon_YEAST": 0.33763616126222473,
      "mean_abs_epsilon_global": 0.23643069990761864,
      "mean_abs_epsilon_eq_species": 0.34801952469295067,
      "mean_abs_epsilon_ECOLI": 0.4472001878289418,
      "mean_abs_epsilon_HUMAN": 0.20594346127086569,
      "mean_abs_epsilon_YEAST": 0.39091492497904445,
      "median_log2_empirical_ECOLI": -1.6791515118184215,
      "median_log2_empirical_HUMAN": -0.09638841910763496,
      "median_log2_empirical_YEAST": 0.6726962452484919,
      "median_abs_epsilon_precision_global": 0.1260839349186238,
      "median_abs_epsilon_precision_eq_species": 0.1743921511084959,
      "median_abs_epsilon_precision_ECOLI": 0.24081210355273086,
      "median_abs_epsilon_precision_HUMAN": 0.11921158514957142,
      "median_abs_epsilon_precision_YEAST": 0.1631527646231854,
      "mean_log2_empirical_ECOLI": -1.6141635170263389,
      "mean_log2_empirical_HUMAN": -0.0897111552699386,
      "mean_log2_empirical_YEAST": 0.6485699588287578,
      "mean_abs_epsilon_precision_global": 0.19468120209805137,
      "mean_abs_epsilon_precision_eq_species": 0.25035462407514114,
      "mean_abs_epsilon_precision_ECOLI": 0.33522684655414525,
      "mean_abs_epsilon_precision_HUMAN": 0.1848947675444983,
      "mean_abs_epsilon_precision_YEAST": 0.23094225812677985,
      "CV_median": 0.09322315333674769,
      "CV_q75": 0.1574470693475653,
      "CV_q90": 0.2526348589160344,
      "CV_q95": 0.34654736959610777,
      "roc_auc": 0.9226387312868591,
      "roc_auc_directional": 0.9696540056054697,
      "nr_prec": 76555,
      "nr_prec_HUMAN": 64504,
      "nr_prec_YEAST": 10188,
      "nr_prec_ECOLI": 1863,
      "variance_epsilon_global": 0.1045809449697832
    },
    "5": {
      "median_abs_epsilon_global": 0.17614526062313907,
      "median_abs_epsilon_eq_species": 0.29271918360740506,
      "median_abs_epsilon_ECOLI": 0.3674653711325746,
      "median_abs_epsilon_HUMAN": 0.15463931640467887,
      "median_abs_epsilon_YEAST": 0.3560528632849618,
      "mean_abs_epsilon_global": 0.2517814288203725,
      "mean_abs_epsilon_eq_species": 0.37403681740331685,
      "mean_abs_epsilon_ECOLI": 0.48754496488911386,
      "mean_abs_epsilon_HUMAN": 0.21749061966964234,
      "mean_abs_epsilon_YEAST": 0.4170748676511943,
      "median_log2_empirical_ECOLI": -1.6510466852558183,
      "median_log2_empirical_HUMAN": -0.09527558743479947,
      "median_log2_empirical_YEAST": 0.6558748761856217,
      "median_abs_epsilon_precision_global": 0.1338456343388259,
      "median_abs_epsilon_precision_eq_species": 0.18754316292033657,
      "median_abs_epsilon_precision_ECOLI": 0.2620129916886924,
      "median_abs_epsilon_precision_HUMAN": 0.12562436056402593,
      "median_abs_epsilon_precision_YEAST": 0.17499213650829137,
      "mean_log2_empirical_ECOLI": -1.5740006235962951,
      "mean_log2_empirical_HUMAN": -0.08720006664282604,
      "mean_log2_empirical_YEAST": 0.6259002720712945,
      "mean_abs_epsilon_precision_global": 0.20933821855113044,
      "mean_abs_epsilon_precision_eq_species": 0.27115437623271815,
      "mean_abs_epsilon_precision_ECOLI": 0.3647584602867108,
      "mean_abs_epsilon_precision_HUMAN": 0.1977965611296422,
      "mean_abs_epsilon_precision_YEAST": 0.2509081072818015,
      "CV_median": 0.09632150511637838,
      "CV_q75": 0.16493305386901758,
      "CV_q90": 0.2689635779142877,
      "CV_q95": 0.37491097126492007,
      "roc_auc": 0.9039384596343975,
      "roc_auc_directional": 0.9601954046974097,
      "nr_prec": 87522,
      "nr_prec_HUMAN": 73270,
      "nr_prec_YEAST": 12028,
      "nr_prec_ECOLI": 2224,
      "variance_epsilon_global": 0.12278392735442122
    },
    "4": {
      "median_abs_epsilon_global": 0.1806231715544886,
      "median_abs_epsilon_eq_species": 0.30175726259862135,
      "median_abs_epsilon_ECOLI": 0.3814377725754383,
      "median_abs_epsilon_HUMAN": 0.15847743749802934,
      "median_abs_epsilon_YEAST": 0.3653565777223964,
      "mean_abs_epsilon_global": 0.2639139235250207,
      "mean_abs_epsilon_eq_species": 0.3898919166133021,
      "mean_abs_epsilon_ECOLI": 0.5092939575534419,
      "mean_abs_epsilon_HUMAN": 0.22836246137491314,
      "mean_abs_epsilon_YEAST": 0.4320193309115512,
      "median_log2_empirical_ECOLI": -1.6421603737614703,
      "median_log2_empirical_HUMAN": -0.0948583592903427,
      "median_log2_empirical_YEAST": 0.6472518820759472,
      "median_abs_epsilon_precision_global": 0.13883981969465342,
      "median_abs_epsilon_precision_eq_species": 0.1946939017669269,
      "median_abs_epsilon_precision_ECOLI": 0.27099524577601386,
      "median_abs_epsilon_precision_HUMAN": 0.12980436018823838,
      "median_abs_epsilon_precision_YEAST": 0.1832820993365285,
      "mean_log2_empirical_ECOLI": -1.5564537152314541,
      "mean_log2_empirical_HUMAN": -0.0848197315030929,
      "mean_log2_empirical_YEAST": 0.617367491719086,
      "mean_abs_epsilon_precision_global": 0.22156666454435284,
      "mean_abs_epsilon_precision_eq_species": 0.2859284239370952,
      "mean_abs_epsilon_precision_ECOLI": 0.3841803898597983,
      "mean_abs_epsilon_precision_HUMAN": 0.20949920410723893,
      "mean_abs_epsilon_precision_YEAST": 0.26410567784424854,
      "CV_median": 0.0974264906585004,
      "CV_q75": 0.16784486347169927,
      "CV_q90": 0.2757087549670682,
      "CV_q95": 0.38513074605720354,
      "roc_auc": 0.8917701186673882,
      "roc_auc_directional": 0.9537088921690668,
      "nr_prec": 92847,
      "nr_prec_HUMAN": 77538,
      "nr_prec_YEAST": 12940,
      "nr_prec_ECOLI": 2369,
      "variance_epsilon_global": 0.14184010461005123
    },
    "3": {
      "median_abs_epsilon_global": 0.1823263089535203,
      "median_abs_epsilon_eq_species": 0.30412612447101317,
      "median_abs_epsilon_ECOLI": 0.38331995289230925,
      "median_abs_epsilon_HUMAN": 0.16007126632618274,
      "median_abs_epsilon_YEAST": 0.36898715419454753,
      "mean_abs_epsilon_global": 0.2686544214899904,
      "mean_abs_epsilon_eq_species": 0.3947103703719814,
      "mean_abs_epsilon_ECOLI": 0.5132312612496239,
      "mean_abs_epsilon_HUMAN": 0.2330952924325759,
      "mean_abs_epsilon_YEAST": 0.4378045574337446,
      "median_log2_empirical_ECOLI": -1.6406945527008503,
      "median_log2_empirical_HUMAN": -0.09465523080861438,
      "median_log2_empirical_YEAST": 0.6448180724899313,
      "median_abs_epsilon_precision_global": 0.14059279582386175,
      "median_abs_epsilon_precision_eq_species": 0.19671729134388252,
      "median_abs_epsilon_precision_ECOLI": 0.2725784279843051,
      "median_abs_epsilon_precision_HUMAN": 0.13160879825723626,
      "median_abs_epsilon_precision_YEAST": 0.18596464779010624,
      "mean_log2_empirical_ECOLI": -1.5520847772878947,
      "mean_log2_empirical_HUMAN": -0.0838381669396661,
      "mean_log2_empirical_YEAST": 0.6131663919023861,
      "mean_abs_epsilon_precision_global": 0.22648536865802316,
      "mean_abs_epsilon_precision_eq_species": 0.290303581565626,
      "mean_abs_epsilon_precision_ECOLI": 0.38729298945991303,
      "mean_abs_epsilon_precision_HUMAN": 0.21454294145602504,