{
  "old_new": "new",
  "id": "PEAKS_20251030_120709",
  "software_name": "PEAKS",
  "software_version": "13 20250520",
  "search_engine": "PEAKS",
  "search_engine_version": "13 20250520",
  "ident_fdr_psm": "1.0%",
  "ident_fdr_peptide": null,
  "ident_fdr_protein": "1.0%",
  "enable_match_between_runs": true,
  "precursor_mass_tolerance": "Auto Detected",
  "fragment_mass_tolerance": "Auto Detected",
  "enzyme": "Trypsin/P",
  "allowed_miscleavages": "1",
  "min_peptide_length": "6",
  "max_peptide_length": "30",
  "is_temporary": false,
  "intermediate_hash": "d08f2cb6e471eaa24bddaef80ee04cdbfb4f8d79",
  "results": {
    "6": {
      "median_abs_epsilon": 0.16854564777116288,
      "mean_abs_epsilon": 0.23672342425145246,
      "variance_epsilon": 0.10563714751002741,
      "nr_prec": 77377,
      "CV_median": 0.09314780262166611,
      "CV_q75": 0.15739847173948066,
      "CV_q90": 0.2526144219944902,
      "CV_q95": 0.3465795989315575
    },
    "5": {
      "median_abs_epsilon": 0.1760504345060827,
      "mean_abs_epsilon": 0.25198349845680074,
      "variance_epsilon": 0.12377241408329052,
      "nr_prec": 88418,
      "CV_median": 0.09622867992793699,
      "CV_q75": 0.1648573220931092,
      "CV_q90": 0.26888206341342913,
      "CV_q95": 0.375045025072471
    },
    "4": {
      "median_abs_epsilon": 0.18053164064015803,
      "mean_abs_epsilon": 0.2641183656317356,
      "variance_epsilon": 0.14277658184768177,
      "nr_prec": 93781,
      "CV_median": 0.09735019081068703,
      "CV_q75": 0.16773987161479045,
      "CV_q90": 0.2755514465263936,
      "CV_q95": 0.38523273357907195
    },
    "3": {
      "median_abs_epsilon": 0.18219753256562132,
      "mean_abs_epsilon": 0.26884503838425305,
      "variance_epsilon": 0.15021005997749168,
      "nr_prec": 112272,
      "CV_median": 0.10019662880094145,
      "CV_q75": 0.17328735556537417,
      "CV_q90": 0.2846692116979389,
      "CV_q95": 0.39659952211725163
    },
    "2": {
      "median_abs_epsilon": 0.18288383578982081,
      "mean_abs_epsilon": 0.2706416305811631,
      "variance_epsilon": 0.15329240980176945,
      "nr_prec": 124751,
      "CV_median": 0.10147720429095272,
      "CV_q75": 0.17705276132863845,
      "CV_q90": 0.2933083932695665,
      "CV_q95": 0.4103219139339341
    },
    "1": {
      "median_abs_epsilon": 0.18288383578982081,
      "mean_abs_epsilon": 0.2706416305811631,
      "variance_epsilon": 0.15329240980176942,
      "nr_prec": 133575,
      "CV_median": 0.10147720429095272,
      "CV_q75": 0.17705276132863845,
      "CV_q90": 0.2933083932695665,
      "CV_q95": 0.4103219139339341
    }
  },
  "median_abs_epsilon": 0.18219753256562132,
  "mean_abs_epsilon": 0.26884503838425305,
  "nr_prec": 112272,
  "comments": "",
  "proteobench_version": "0.10.4",
  "color": "#f032e6",
  "hover_text": "ProteoBench ID: PEAKS_20251030_120709<br>Software tool: PEAKS <br>Comment (private submission): ...",
  "scatter_size": 20,
  "fixed_mods": "Carbamidomethylation (+57.02)",
  "variable_mods": "Oxidation (M) (+15.99) ,Acetylation (Protein N-term) (+42.01)",
  "max_mods": "1",
  "min_precursor_charge": "1",
  "max_precursor_charge": "5",
  "quantification_method": "Identification Directed Quantification",
  "protein_inference": null,
  "abundance_normalization_ions": "No Normalization",
  "submission_comments": "\n\n ### Parameter changes detected:\n- **semi_enzymatic**: `False` \u2192 `[MISSING]`\n\nDataset URL: https://proteobench.cubimed.rub.de/datasets/d08f2cb6e471eaa24bddaef80ee04cdbfb4f8d79/",
  "min_precursor_mz": "395",
  "max_precursor_mz": "905",
  "min_fragment_mz": "140",
  "max_fragment_mz": "1750",
  "predictors_library": null,
  "scan_window": null
}