{
  "old_new": "new",
  "id": "AlphaDIA_20251031_115451",
  "software_name": "AlphaDIA",
  "software_version": "1.12.1",
  "search_engine": "AlphaDIA",
  "search_engine_version": NaN,
  "ident_fdr_psm": "0.01",
  "ident_fdr_peptide": NaN,
  "ident_fdr_protein": "0.01",
  "enable_match_between_runs": true,
  "precursor_mass_tolerance": "[-0.0 ppm, 0.0 ppm]",
  "fragment_mass_tolerance": "[-0.0 ppm, 0.0 ppm]",
  "enzyme": "trypsin/p ",
  "allowed_miscleavages": "1",
  "min_peptide_length": 6,
  "max_peptide_length": 30,
  "is_temporary": false,
  "intermediate_hash": "e465ee503ca0a029ce05047b514e20658238dc99",
  "results": {
    "6": {
      "median_abs_epsilon_global": 0.14991696675479638,
      "median_abs_epsilon_eq_species": 0.2291325463178143,
      "median_abs_epsilon_ECOLI": 0.31139818827278276,
      "median_abs_epsilon_HUMAN": 0.13902346292668444,
      "median_abs_epsilon_YEAST": 0.23697598775397566,
      "mean_abs_epsilon_global": 0.21066262957561516,
      "mean_abs_epsilon_eq_species": 0.3224457189952259,
      "mean_abs_epsilon_ECOLI": 0.47130949739020656,
      "mean_abs_epsilon_HUMAN": 0.1867672113081818,
      "mean_abs_epsilon_YEAST": 0.30926044828728944,
      "median_log2_empirical_ECOLI": -1.7598463694197441,
      "median_log2_empirical_HUMAN": -0.04224300384487378,
      "median_log2_empirical_YEAST": 0.8071762720775162,
      "median_abs_epsilon_precision_global": 0.14177449544290077,
      "median_abs_epsilon_precision_eq_species": 0.20558759900953985,
      "median_abs_epsilon_precision_ECOLI": 0.2938327789259354,
      "median_abs_epsilon_precision_HUMAN": 0.13299624125447895,
      "median_abs_epsilon_precision_YEAST": 0.18993377684820523,
      "mean_log2_empirical_ECOLI": -1.635853268943068,
      "mean_log2_empirical_HUMAN": -0.03662923884614429,
      "mean_log2_empirical_YEAST": 0.7742848813222911,
      "mean_abs_epsilon_precision_global": 0.19957129598559378,
      "mean_abs_epsilon_precision_eq_species": 0.28993084645323336,
      "mean_abs_epsilon_precision_ECOLI": 0.430035108577017,
      "mean_abs_epsilon_precision_HUMAN": 0.18317292899041832,
      "mean_abs_epsilon_precision_YEAST": 0.25658450179226483,
      "CV_median": 0.11049484659671516,
      "CV_q75": 0.17609033084272618,
      "CV_q90": 0.2614799512807542,
      "CV_q95": 0.3295314552517664,
      "roc_auc": 0.9541929131607828,
      "roc_auc_directional": 0.9680691113033437,
      "nr_prec": 58088,
      "nr_prec_HUMAN": 48848,
      "nr_prec_YEAST": 7659,
      "nr_prec_ECOLI": 1581,
      "variance_epsilon_global": 0.09407783544066935
    },
    "5": {
      "median_abs_epsilon_global": 0.15840752916459433,
      "median_abs_epsilon_eq_species": 0.2594968477835365,
      "median_abs_epsilon_ECOLI": 0.36969661712481283,
      "median_abs_epsilon_HUMAN": 0.14377037683301008,
      "median_abs_epsilon_YEAST": 0.2650235493927866,
      "mean_abs_epsilon_global": 0.2303538597177567,
      "mean_abs_epsilon_eq_species": 0.37791849088676627,
      "mean_abs_epsilon_ECOLI": 0.5908409953608874,
      "mean_abs_epsilon_HUMAN": 0.19680641315137506,
      "mean_abs_epsilon_YEAST": 0.3461080641480362,
      "median_log2_empirical_ECOLI": -1.6811656951899607,
      "median_log2_empirical_HUMAN": -0.041293462117063306,
      "median_log2_empirical_YEAST": 0.7768967946306713,
      "median_abs_epsilon_precision_global": 0.14957650502572406,
      "median_abs_epsilon_precision_eq_species": 0.23364353180197503,
      "median_abs_epsilon_precision_ECOLI": 0.35339482625120766,
      "median_abs_epsilon_precision_HUMAN": 0.13835493723112968,
      "median_abs_epsilon_precision_YEAST": 0.20918083192358772,
      "mean_log2_empirical_ECOLI": -1.50806628657994,
      "mean_log2_empirical_HUMAN": -0.03425231930597472,
      "mean_log2_empirical_YEAST": 0.7351294919656235,
      "mean_abs_epsilon_precision_global": 0.21661299756599453,
      "mean_abs_epsilon_precision_eq_species": 0.3343977940221896,
      "mean_abs_epsilon_precision_ECOLI": 0.5271742305849684,
      "mean_abs_epsilon_precision_HUMAN": 0.19352382455131587,
      "mean_abs_epsilon_precision_YEAST": 0.2824953269302845,
      "CV_median": 0.11335457233414062,
      "CV_q75": 0.18240940954293908,
      "CV_q90": 0.27524119350232984,
      "CV_q95": 0.35104049923366043,
      "roc_auc": 0.9361953207779269,
      "roc_auc_directional": 0.9488796519388398,
      "nr_prec": 64804,
      "nr_prec_HUMAN": 53572,
      "nr_prec_YEAST": 9201,
      "nr_prec_ECOLI": 2031,
      "variance_epsilon_global": 0.12005939561079906
    },
    "4": {
      "median_abs_epsilon_global": 0.16410764058134042,
      "median_abs_epsilon_eq_species": 0.29455343882575047,
      "median_abs_epsilon_ECOLI": 0.45336151123009216,
      "median_abs_epsilon_HUMAN": 0.14687856038553093,
      "median_abs_epsilon_YEAST": 0.2834202448616283,
      "mean_abs_epsilon_global": 0.24817058140961512,
      "mean_abs_epsilon_eq_species": 0.4264676137931085,
      "mean_abs_epsilon_ECOLI": 0.7004364660307136,
      "mean_abs_epsilon_HUMAN": 0.20515903908235264,
      "mean_abs_epsilon_YEAST": 0.37380733626625906,
      "median_log2_empirical_ECOLI": -1.5938580830874436,
      "median_log2_empirical_HUMAN": -0.04034360249778146,
      "median_log2_empirical_YEAST": 0.7599549293223804,
      "median_abs_epsilon_precision_global": 0.1552872657754305,
      "median_abs_epsilon_precision_eq_species": 0.25988181432829344,
      "median_abs_epsilon_precision_ECOLI": 0.41655667622255166,
      "median_abs_epsilon_precision_HUMAN": 0.14155133565068923,
      "median_abs_epsilon_precision_YEAST": 0.22153743111163937,
      "mean_log2_empirical_ECOLI": -1.3956194561247048,
      "mean_log2_empirical_HUMAN": -0.031358510013149446,
      "mean_log2_empirical_YEAST": 0.7117259600426712,
      "mean_abs_epsilon_precision_global": 0.2321143508158865,
      "mean_abs_epsilon_precision_eq_species": 0.37106549524763915,
      "mean_abs_epsilon_precision_ECOLI": 0.6062971616546139,
      "mean_abs_epsilon_precision_HUMAN": 0.20216790993728748,
      "mean_abs_epsilon_precision_YEAST": 0.3047314141510161,
      "CV_median": 0.11437822211871082,
      "CV_q75": 0.18485186798755907,
      "CV_q90": 0.2804876269872163,
      "CV_q95": 0.3607510326018747,
      "roc_auc": 0.9250530314475416,
      "roc_auc_directional": 0.9316229145997634,
      "nr_prec": 68428,
      "nr_prec_HUMAN": 55855,
      "nr_prec_YEAST": 10054,
      "nr_prec_ECOLI": 2519,
      "variance_epsilon_global": 0.15164406523685267
    },
    "3": {
      "median_abs_epsilon_global": 0.1660586992646822,
      "median_abs_epsilon_eq_species": 0.2992415428152526,
      "median_abs_epsilon_ECOLI": 0.46146821975812813,
      "median_abs_epsilon_HUMAN": 0.14840380350332083,
      "median_abs_epsilon_YEAST": 0.2878526051843089,
      "mean_abs_epsilon_global": 0.25447315317014657,
      "mean_abs_epsilon_eq_species": 0.4351777154934388,
      "mean_abs_epsilon_ECOLI": 0.7109885817874175,
      "mean_abs_epsilon_HUMAN": 0.21056610714930815,
      "mean_abs_epsilon_YEAST": 0.38397845754359083,
      "median_log2_empirical_ECOLI": -1.5860834121722398,
      "median_log2_empirical_HUMAN": -0.0395119984950405,
      "median_log2_empirical_YEAST": 0.7551663716653323,
      "median_abs_epsilon_precision_global": 0.1575498580872985,
      "median_abs_epsilon_precision_eq_species": 0.26417356067245706,
      "median_abs_epsilon_precision_ECOLI": 0.42507521311112395,
      "median_abs_epsilon_precision_HUMAN": 0.14324569701992473,
      "median_abs_epsilon_precision_YEAST": 0.22419977188632245,
      "mean_log2_empirical_ECOLI": -1.3851697503103237,
      "mean_log2_empirical_HUMAN": -0.02928086778297149,
      "mean_log2_empirical_YEAST": 0.7024857094767651,
      "mean_abs_epsilon_precision_global": 0.2382461423009522,
      "mean_abs_epsilon_precision_eq_species": 0.3783975194337919,
      "mean_abs_epsilon_precision_ECOLI": 0.6138439308722294,
      "mean_abs_epsilon_precision_HUMAN": 0.20776249419320744,