{
  "old_new": "new",
  "id": "AlphaDIA_20251031_115451",
  "software_name": "AlphaDIA",
  "software_version": "1.12.1",
  "search_engine": "AlphaDIA",
  "search_engine_version": NaN,
  "ident_fdr_psm": "0.01",
  "ident_fdr_peptide": NaN,
  "ident_fdr_protein": "0.01",
  "enable_match_between_runs": true,
  "precursor_mass_tolerance": "[-0.0 ppm, 0.0 ppm]",
  "fragment_mass_tolerance": "[-0.0 ppm, 0.0 ppm]",
  "enzyme": "trypsin/p ",
  "allowed_miscleavages": "1",
  "min_peptide_length": "6",
  "max_peptide_length": "30",
  "is_temporary": false,
  "intermediate_hash": "e465ee503ca0a029ce05047b514e20658238dc99",
  "results": {
    "6": {
      "median_abs_epsilon": 0.14988422394081002,
      "mean_abs_epsilon": 0.2106250570189245,
      "variance_epsilon": 0.09411210380340876,
      "nr_prec": 58472,
      "CV_median": 0.11040090991763007,
      "CV_q75": 0.1759913090373833,
      "CV_q90": 0.26142347485621814,
      "CV_q95": 0.3295378309565511
    },
    "5": {
      "median_abs_epsilon": 0.1583086649579819,
      "mean_abs_epsilon": 0.230236358319371,
      "variance_epsilon": 0.11996428813631853,
      "nr_prec": 65205,
      "CV_median": 0.11323582826197534,
      "CV_q75": 0.18223997089541966,
      "CV_q90": 0.27510122961819516,
      "CV_q95": 0.35101318924464087
    },
    "4": {
      "median_abs_epsilon": 0.1640195846578587,
      "mean_abs_epsilon": 0.24798423914354287,
      "variance_epsilon": 0.15139794961858993,
      "nr_prec": 68834,
      "CV_median": 0.11428296044620387,
      "CV_q75": 0.1847072634549985,
      "CV_q90": 0.2803262235074196,
      "CV_q95": 0.36075356072254783
    },
    "3": {
      "median_abs_epsilon": 0.1659685770653745,
      "mean_abs_epsilon": 0.2542485091438691,
      "variance_epsilon": 0.16324586886969278,
      "nr_prec": 71130,
      "CV_median": 0.11459773296201561,
      "CV_q75": 0.18546574753422196,
      "CV_q90": 0.28241386137934904,
      "CV_q95": 0.36512056971411
    },
    "2": {
      "median_abs_epsilon": 0.16646416982045054,
      "mean_abs_epsilon": 0.2563465738155662,
      "variance_epsilon": 0.16825626931362822,
      "nr_prec": 72051,
      "CV_median": 0.11462153295079336,
      "CV_q75": 0.18561306783646994,
      "CV_q90": 0.28298283165060906,
      "CV_q95": 0.3661996077030448
    },
    "1": {
      "median_abs_epsilon": 0.16646416982045054,
      "mean_abs_epsilon": 0.2563465738155662,
      "variance_epsilon": 0.16825626931362822,
      "nr_prec": 72051,
      "CV_median": 0.11462153295079336,
      "CV_q75": 0.18561306783646994,
      "CV_q90": 0.28298283165060906,
      "CV_q95": 0.3661996077030448
    }
  },
  "median_abs_epsilon": 0.1659685770653745,
  "mean_abs_epsilon": 0.2542485091438691,
  "nr_prec": 71130,
  "comments": "",
  "proteobench_version": "0.10.4",
  "color": "#1D2732",
  "hover_text": "ProteoBench ID: AlphaDIA_20251031_115451<br>Software tool: AlphaDIA <br>Comment (private submission): ...",
  "scatter_size": 20,
  "fixed_mods": "Carbamidomethyl@C",
  "variable_mods": "Oxidation@M;Acetyl@Protein_N-term",
  "max_mods": "1 ",
  "min_precursor_charge": "1",
  "max_precursor_charge": "5",
  "quantification_method": "DirectLFQ",
  "protein_inference": "heuristic",
  "abundance_normalization_ions": NaN,
  "submission_comments": "ng backend used, 200 batch size for calibration\n\n ### Parameter changes detected:\n- **scan_window**: `None` \u2192 `nan`\n- **ident_fdr_peptide**: `None` \u2192 `nan`\n- **abundance_normalization_ions**: `None` \u2192 `nan`\n- **search_engine_version**: `None` \u2192 `nan`\n\nDataset URL: https://proteobench.cubimed.rub.de/datasets/e465ee503ca0a029ce05047b514e20658238dc99/",
  "min_precursor_mz": "395",
  "max_precursor_mz": "905",
  "min_fragment_mz": "140",
  "max_fragment_mz": "1750",
  "predictors_library": "AlphaPeptDeep",
  "scan_window": NaN
}